person.profile.first_name,person.profile.last_name,person.address.address_line_1,person.address.city,person.contact.email
Erika,Weildish,"3567 Lukken Parkway",Elyria,eweildish0@histats.com
Hamel,Josskoviz,"3213 Muir Circle",Elyria,hjosskoviz1@eventbrite.com
Cherin,Hargreaves,"941 Northport Circle",Elyria,chargreaves2@typepad.com
Lusa,Frame,"770 Transport Park",Elyria,lframe5@myspace.com
Adrienne,Dowyer,"6296 Mesta Pass",Elyria,adowyer7@rambler.ru
Shanna,Tunmore,"3434 Anthes Court",Elyria,stunmore8@ox.ac.uk
Delmar,Di Iorio,"33350 Toban Hill",Elyria,ddiiorio9@sun.com
Aldric,Gellier,"3594 Troy Street",Elyria,agelliera@archive.org
Sarine,Castanaga,"819 Hoard Court",Elyria,scastanagab@pinterest.com
Ike,McKibbin,"25 Emmet Alley",Elyria,imckibbind@pcworld.com
Dell,Pocknell,"53964 Milwaukee Road",Elyria,dpocknelle@skyrock.com
Roger,Wybrew,"93 Bellgrove Park",Elyria,rwybrewf@creativecommons.org
Aigneis,Kalvin,"7448 Katie Drive",Elyria,akalving@zdnet.com
Neddy,Sabattier,"160 Anhalt Plaza",Elyria,nsabattierh@ox.ac.uk
Erskine,Orwell,"31978 Armistice Hill",Elyria,eorwelli@hubpages.com
Klement,Vasyutochkin,"5827 6th Terrace",Elyria,kvasyutochkinj@alibaba.com
Darby,Osborn,"1967 Arizona Pass",Elyria,dosbornk@cloudflare.com
Jonie,Porritt,"0027 High Crossing Court",Elyria,jporrittl@vimeo.com
Evelyn,Cometto,"1 Myrtle Circle",Elyria,ecomettom@constantcontact.com
Wyatan,Chue,"42205 Burrows Pass",Elyria,wchuen@japanpost.jp
Sukey,Prescott,"6105 Larry Court",Elyria,sprescotto@twitter.com
Carrol,Melluish,"5 Fairview Plaza",Elyria,cmelluishp@dell.com
Dalila,Sola,"16984 West Court",Elyria,dsolaq@dmoz.org
Josepha,Scholefield,"201 Pond Plaza",Elyria,jscholefieldr@cmu.edu
Isaac,Witherington,"2 Laurel Park",Elyria,iwitheringtons@infoseek.co.jp
Minetta,McKeney,"92 Grover Crossing",Elyria,mmckeneyt@paypal.com
Nicholas,Lillico,"8743 Elka Pass",Elyria,nlillicou@businesswire.com
Celene,Quinane,"48859 Norway Maple Road",Elyria,cquinanev@posterous.com
Zabrina,Vigurs,"08785 Dorton Alley",Elyria,zvigursc@disqus.com
Quintina,Lalor,"00 Nova Way",Elyria,qlalorw@mapquest.com
Orville,Shear,"7428 Eastwood Parkway",Elyria,oshear3@clickbank.net
Fanchon,Corkitt,"316 Tony Alley",Elyria,fcorkittx@patch.com
Lindsy,Grimsdike,"235 Ronald Regan Parkway",Elyria,lgrimsdikey@sogou.com
Cece,Staines,"88769 8th Alley",Elyria,cstainesz@trellian.com
Guillermo,Gosart,"9743 Longview Avenue",Elyria,ggosart10@sakura.ne.jp
Sauveur,Paybody,"560 Browning Place",Elyria,spaybody11@china.com.cn
Pen,Fishwick,"840 Delaware Crossing",Elyria,pfishwick12@altervista.org
Ashlie,Danielkiewicz,"2279 Lotheville Place",Elyria,adanielkiewicz13@virginia.edu
Zia,Robertz,"9425 Grim Drive",Elyria,zrobertz15@miitbeian.gov.cn
Emmerich,Gorthy,"574 Vernon Alley",Elyria,egorthy16@webs.com
Paten,Skamal,"67433 Kropf Trail",Elyria,pskamal17@apache.org
Jackelyn,Wane,"896 Lindbergh Center",Elyria,jwane18@t.co
Veradis,Giovanazzi,"60 Rieder Circle",Elyria,vgiovanazzi19@mayoclinic.com
Flinn,De La Salle,"7 Loeprich Hill",Elyria,fdelasalle1a@hatena.ne.jp
Naoma,Osgordby,"2880 Truax Way",Elyria,nosgordby1b@lycos.com
Tommie,Larive,"52 Waxwing Alley",Elyria,tlarive1c@nbcnews.com
Queenie,Finden,"01 Charing Cross Court",Elyria,qfinden1d@mozilla.com
Prissie,Mournian,"7 Lighthouse Bay Pass",Elyria,pmournian1e@stumbleupon.com
Hailey,Patching,"5195 Kim Avenue",Elyria,hpatching1f@blogs.com
Marguerite,Blaes,"88392 Starling Crossing",Elyria,mblaes1g@nyu.edu
Rosmunda,Hamelyn,"4 Spenser Road",Elyria,rhamelyn1h@123-reg.co.uk
Clarie,Servis,"484 Delladonna Center",Elyria,cservis1i@oaic.gov.au
Justin,Mackin,"4 Walton Alley",Elyria,jmackin1j@issuu.com
Alvy,Shingler,"5511 International Trail",Elyria,ashingler1k@dedecms.com
Ingra,Doddemeede,"24310 Pleasure Pass",Elyria,idoddemeede1l@squarespace.com
Ring,Kerss,"747 Springview Center",Elyria,rkerss1m@booking.com
Portia,Woodham,"296 Vernon Trail",Elyria,pwoodham1n@paypal.com
Dominica,Torbett,"541 Bluejay Trail",Elyria,dtorbett1o@youku.com
Jamie,Ferneley,"02 Anthes Drive",Elyria,jferneley1p@a8.net
L;urette,Gratland,"66252 Briar Crest Circle",Elyria,lgratland1q@sun.com
Asa,Benam,"49 Boyd Alley",Elyria,abenam1r@com.com
Ofella,Yard,"871 Prentice Road",Elyria,oyard1s@ed.gov
Gerhardine,McClounan,"65045 Blackbird Alley",Elyria,gmcclounan1t@hexun.com
Chryste,Gresch,"9602 West Crossing",Elyria,cgresch1u@stanford.edu
Shirl,Wimsett,"46 Pankratz Park",Elyria,swimsett1v@forbes.com
Roy,Comelini,"9 Montana Park",Elyria,rcomelini1w@mediafire.com
Kirby,Abram,"104 Golf View Court",Elyria,kabram1x@barnesandnoble.com
Dolly,Dewdney,"413 Menomonie Parkway",Elyria,ddewdney1y@shutterfly.com
Melonie,Fruchon,"47934 Sutteridge Parkway",Elyria,mfruchon1z@wikipedia.org
Lorie,Woolvin,"235 Green Road",Elyria,lwoolvin20@photobucket.com
Brennan,Ubsdell,"2 Elka Circle",Elyria,bubsdell21@hhs.gov
Conrade,Zuenelli,"1902 Sullivan Center",Elyria,czuenelli22@disqus.com
Mikel,Garry,"03452 Farragut Drive",Elyria,mgarry23@ihg.com
Ivette,Kruszelnicki,"0567 Dixon Way",Elyria,ikruszelnicki24@go.com
Butch,Pullar,"67517 Carpenter Pass",Elyria,bpullar25@eventbrite.com
Jodi,Helling,"833 Lakeland Point",Elyria,jhelling26@google.ca
Federico,Cush,"60855 Armistice Center",Elyria,fcush27@npr.org
Fara,O'Hearn,"6143 Sycamore Parkway",Elyria,fohearn28@mozilla.com
Mercie,Egdal,"7 Namekagon Court",Elyria,megdal29@bloglovin.com
Hedwiga,Nuton,"95 Emmet Avenue",Elyria,hnuton2a@skype.com
Madeleine,Battershall,"8 Mallard Pass",Elyria,mbattershall2b@marriott.com
Clemmy,Eblein,"12031 Riverside Point",Elyria,ceblein2c@bbb.org
Dyanne,Ennals,"83 Lotheville Way",Elyria,dennals2d@dmoz.org
Durant,Elderton,"8833 Coleman Junction",Elyria,delderton2e@bandcamp.com
Wells,De Ambrosi,"4 Shelley Center",Elyria,wdeambrosi2f@nps.gov
Zacharias,Jeeves,"11 Express Trail",Elyria,zjeeves2g@hugedomains.com
Loralyn,Clawsley,"41187 Buell Way",Elyria,lclawsley2h@google.pl
Zoe,Haxell,"88 Petterle Road",Elyria,zhaxell2i@sourceforge.net
Honey,Gyorffy,"3 Cordelia Terrace",Elyria,hgyorffy2j@upenn.edu
Inga,Du Hamel,"8797 Bowman Parkway",Elyria,iduhamel2k@house.gov
Kareem,Velti,"0 Bunting Plaza",Elyria,kvelti2l@woothemes.com
Pietrek,Coyett,"03 Clemons Drive",Elyria,pcoyett2m@theatlantic.com
Jess,Guerreru,"71549 Basil Hill",Elyria,jguerreru2n@ucsd.edu
La verne,Goudy,"26 International Alley",Elyria,lgoudy2p@printfriendly.com
Fredra,Ciardo,"4 Pearson Court",Elyria,fciardo2r@techcrunch.com
Matti,Tuckett,"3 Golf Course Crossing",Elyria,mtuckett2s@wikia.com
Noll,Esilmon,"30 Myrtle Road",Elyria,nesilmon2t@marketwatch.com
Shawn,Stendell,"1632 Schmedeman Hill",Elyria,sstendell2u@uol.com.br
Rhetta,Riply,"284 Cottonwood Circle",Elyria,rriply2w@feedburner.com
Berni,Dekeyser,"5 Jana Center",Elyria,bdekeyser2x@blog.com
Colman,Benjefield,"8698 Hagan Circle",Elyria,cbenjefield2y@wired.com
Tierney,Daughton,"04976 Spohn Drive",Elyria,tdaughton2z@usa.gov
Brice,McIlhagga,"37 Mcbride Alley",Elyria,bmcilhagga30@marriott.com
Nelle,Top,"402 Straubel Trail",Elyria,ntop31@google.com.br
Maura,Von Gladbach,"13966 Butterfield Avenue",Elyria,mvongladbach32@buzzfeed.com
Joete,Hatherleigh,"7 Mallory Plaza",Elyria,jhatherleigh33@apache.org
Catlaina,McFee,"2361 Maryland Circle",Elyria,cmcfee34@weibo.com
Verile,Scatchar,"6 Upham Way",Elyria,vscatchar35@tumblr.com
Hester,Langlais,"7659 Raven Alley",Elyria,hlanglais36@nifty.com
Maura,Cassell,"70 Schurz Street",Elyria,mcassell37@va.gov
Kendricks,Tewes,"5 Erie Junction",Elyria,ktewes38@sogou.com
Petr,Nangle,"8642 Kim Avenue",Elyria,pnangle39@marriott.com
Morgen,Roscamps,"608 Chive Court",Elyria,mroscamps3b@people.com.cn
Bebe,Ticehurst,"79 Glacier Hill Avenue",Elyria,bticehurst3c@unc.edu
Maribelle,Moses,"8584 5th Terrace",Elyria,mmoses3d@ameblo.jp
Aron,Coath,"334 Cardinal Trail",Elyria,acoath3e@vinaora.com
Araldo,Duffet,"28011 Lerdahl Crossing",Elyria,aduffet3f@wikipedia.org
Netti,Caudle,"4 Marquette Park",Elyria,ncaudle3g@cnet.com
Mayer,Edmonston,"42388 Paget Place",Elyria,medmonston3h@reuters.com
Kessia,Weich,"23 Springs Trail",Elyria,kweich3i@google.co.uk
Hope,Heck,"33 Crest Line Center",Elyria,hheck3j@omniture.com
Beltran,Janca,"574 Esker Alley",Elyria,bjanca3k@loc.gov
Chariot,Cescoti,"9 Mallory Place",Elyria,ccescoti3l@sakura.ne.jp
Bondy,Rizzini,"44 Summer Ridge Plaza",Elyria,brizzini3m@ox.ac.uk
Duky,Gear,"3553 Kim Junction",Elyria,dgear3n@nsw.gov.au
Kay,Fernier,"273 Service Pass",Elyria,kfernier3a@1688.com
Ralina,Vallance,"3472 Corry Way",Elyria,rvallance3o@reddit.com
Lanette,Melrose,"101 Ludington Crossing",Elyria,lmelrose3p@list-manage.com
Ephraim,Klageman,"91844 Oakridge Street",Elyria,eklageman3q@twitpic.com
Bertina,Gass,"85930 Bowman Trail",Elyria,bgass3r@sphinn.com
Ingrid,Butterick,"1378 Prairieview Point",Elyria,ibutterick3s@etsy.com
Tiphani,Twentyman,"66422 Thierer Lane",Elyria,ttwentyman3t@ft.com
Brietta,Brand-Hardy,"2 Northfield Point",Elyria,bbrandhardy3v@nationalgeographic.com
Bill,Shugg,"77609 North Street",Elyria,bshugg3w@1688.com
Nikola,Berecloth,"2 Oak Valley Trail",Elyria,nberecloth3x@t.co
Ellette,Januszkiewicz,"64 East Center",Elyria,ejanuszkiewicz3y@geocities.com
Magnum,Whiteway,"29 Holmberg Center",Elyria,mwhiteway3z@eepurl.com
Julio,Jeffs,"9811 Towne Point",Elyria,jjeffs40@taobao.com
Jimmie,Smiz,"2202 Coleman Pass",Elyria,jsmiz41@comcast.net
Ludvig,Neylan,"35472 Manufacturers Drive",Elyria,lneylan42@berkeley.edu
Marnia,Drissell,"49194 Cambridge Center",Elyria,mdrissell43@sogou.com
Debora,Yuille,"15 Saint Paul Lane",Elyria,dyuille44@com.com
Jaquenetta,Asche,"837 Steensland Plaza",Elyria,jasche45@multiply.com
Lanae,Cavnor,"16 Donald Alley",Elyria,lcavnor46@ihg.com
Marjy,Halhead,"11959 Erie Crossing",Elyria,mhalhead47@ebay.com
Colman,Lethieulier,"2720 Dunning Point",Elyria,clethieulier48@dropbox.com
Shannon,Coultas,"7 Fulton Plaza",Elyria,scoultas49@1688.com
Baily,Golly,"58604 Upham Terrace",Elyria,bgolly4a@un.org
Nadine,Toghill,"71 Homewood Park",Elyria,ntoghill4b@nasa.gov
Persis,Bus,"8246 Coleman Way",Elyria,pbus4c@wikispaces.com
Elysee,Cutbush,"86 Autumn Leaf Lane",Elyria,ecutbush4d@pen.io
Alexandro,Sygrove,"894 Gateway Trail",Elyria,asygrove4e@geocities.com
Magda,Duns,"9650 Russell Plaza",Elyria,mduns4f@seesaa.net
Frankie,Sinncock,"01 Crescent Oaks Parkway",Elyria,fsinncock4g@washingtonpost.com
Willis,Taffurelli,"7493 Warbler Trail",Elyria,wtaffurelli4h@nbcnews.com
Neil,Stelli,"02899 Stang Pass",Elyria,nstelli4i@spotify.com
Daffy,Doward,"39372 Del Mar Point",Elyria,ddoward4j@canalblog.com
Irvin,Danzey,"67500 Russell Place",Elyria,idanzey4k@tiny.cc
Alberta,Woodcock,"0 Tony Center",Elyria,awoodcock4l@drupal.org
Tessy,Aggs,"496 Cambridge Road",Elyria,taggs4m@spotify.com
Kevin,Cisland,"8 Erie Center",Elyria,kcisland4n@flavors.me
Godwin,Beggan,"38818 Jana Hill",Elyria,gbeggan4o@ow.ly
Ronalda,Prickett,"698 Schurz Hill",Elyria,rprickett4q@networksolutions.com
Bastian,Pellatt,"3 Maywood Lane",Elyria,bpellatt4r@un.org
Whitney,Boyes,"61 Ramsey Lane",Elyria,wboyes4s@google.cn
Dominica,Cristea,"251 Michigan Road",Elyria,dcristea4t@123-reg.co.uk
Dave,Dugue,"6 Butternut Terrace",Elyria,ddugue4u@google.fr
Brunhilde,Boundy,"449 Veith Drive",Elyria,bboundy4v@typepad.com
Emile,Kunzler,"8 Memorial Parkway",Elyria,ekunzler4w@topsy.com
Ede,Kainz,"8 Anzinger Parkway",Elyria,ekainz4x@freewebs.com
Parry,Richin,"6410 Blue Bill Park Hill",Elyria,prichin4y@squarespace.com
Klarrisa,Fierro,"14 Alpine Alley",Elyria,kfierro4z@imdb.com
Khalil,Trusty,"98 Glacier Hill Parkway",Elyria,ktrusty50@nationalgeographic.com
Johannah,Garstan,"0 Ramsey Terrace",Elyria,jgarstan51@odnoklassniki.ru
Tedra,Kobke,"7 Autumn Leaf Street",Elyria,tkobke52@mail.ru
Nicolai,Dodswell,"53 Northport Terrace",Elyria,ndodswell53@thetimes.co.uk
Efrem,Durnian,"064 Holmberg Road",Elyria,edurnian54@homestead.com
Caroljean,Rizziello,"4 Carberry Center",Elyria,crizziello55@eventbrite.com
Gwen,Austick,"10 Sloan Crossing",Elyria,gaustick56@webeden.co.uk
Dulcie,Mowett,"5 Harper Lane",Elyria,dmowett57@baidu.com
Alaric,Dullingham,"0373 Bashford Place",Elyria,adullingham5a@usa.gov
Jarvis,Blencowe,"75 Sunnyside Alley",Elyria,jblencowe5b@exblog.jp
Mellisa,Payley,"8 Fisk Street",Elyria,mpayley5c@dedecms.com
Dorise,Derle,"70714 Heffernan Point",Elyria,dderle5d@dell.com
Clerissa,Batthew,"647 Towne Point",Elyria,cbatthew5e@posterous.com
Hanny,Sambath,"450 Ramsey Junction",Elyria,hsambath5f@illinois.edu
Augustin,Llop,"160 Hovde Trail",Elyria,allop5g@joomla.org
Elbertine,Grahlman,"550 East Park",Elyria,egrahlman5h@auda.org.au
Melamie,Regenhardt,"4433 2nd Junction",Elyria,mregenhardt59@baidu.com
Winfred,Stutter,"062 Sullivan Crossing",Elyria,wstutter5i@cmu.edu
Quentin,Durbyn,"862 Golf View Court",Elyria,qdurbyn5j@tumblr.com
Osbourne,Breeds,"39341 Corben Crossing",Elyria,obreeds6@newyorker.com
Thorsten,Lambourne,"41 Northland Road",Elyria,tlambourne4@geocities.com
Bartel,Spikeings,"0289 Oxford Plaza",Elyria,bspikeings2o@netvibes.com
Sidonia,Elsy,"9101 Clarendon Point",Elyria,selsy2v@twitter.com
Dominique,Bediss,"4 Lerdahl Point",Elyria,dbediss2q@howstuffworks.com
Darby,Ashlee,"8938 8th Junction",Elyria,dashlee4p@amazon.de
Theda,Courteney,"2376 Homewood Trail",Elyria,tcourteney58@bandcamp.com
Peg,Revie,"35786 Maryland Terrace",Elyria,previe3u@newsvine.com
Siouxie,Cambell,"3377 Wayridge Lane",Elyria,scambell14@nasa.gov
